Split,N (Unique Subjects),Age (Mean ± SD),Gender (% Male),Gender (% Female),MMSE Score (Mean ± SD),CDGLOBAL (Mean ± SD),APOE4 (% 3/4),APOE4 (% 4/4),ABETA42 (Mean ± SD)
Train,224,72.03 ± 6.67,50.06242197253433,49.93757802746567,28.06 ± 2.35,0.25 ± 0.29,28.08988764044944,8.739076154806492,1151.49 ± 674.59
Test,96,72.17 ± 7.68,52.52225519287834,47.47774480712167,28.02 ± 2.26,0.24 ± 0.29,29.080118694362017,5.637982195845697,1212.55 ± 554.20
